-- phpMyAdmin SQL Dump
-- version 5.2.1
-- https://www.phpmyadmin.net/
--
-- Máy chủ: 127.0.0.1:3306
-- Thời gian đã tạo: Th1 09, 2024 lúc 05:08 AM
-- Phiên bản máy phục vụ: 8.2.0
-- Phiên bản PHP: 8.3.0

SET SQL_MODE = "NO_AUTO_VALUE_ON_ZERO";
START TRANSACTION;
SET time_zone = "+00:00";


/*!40101 SET @OLD_CHARACTER_SET_CLIENT=@@CHARACTER_SET_CLIENT */;
/*!40101 SET @OLD_CHARACTER_SET_RESULTS=@@CHARACTER_SET_RESULTS */;
/*!40101 SET @OLD_COLLATION_CONNECTION=@@COLLATION_CONNECTION */;
/*!40101 SET NAMES utf8mb4 */;

--
-- Cơ sở dữ liệu: `lhdatabase`
--

-- --------------------------------------------------------

--
-- Cấu trúc bảng cho bảng `author`
--

DROP TABLE IF EXISTS `author`;
CREATE TABLE IF NOT EXISTS `author` (
  `AuthorID` int NOT NULL AUTO_INCREMENT,
  `AuthorName` varchar(100) CHARACTER SET utf8mb4 COLLATE utf8mb4_0900_ai_ci NOT NULL,
  PRIMARY KEY (`AuthorID`)
) ENGINE=MyISAM AUTO_INCREMENT=1236 DEFAULT CHARSET=utf8mb4 COLLATE=utf8mb4_0900_ai_ci;

--
-- Đang đổ dữ liệu cho bảng `author`
--

INSERT INTO `author` (`AuthorID`, `AuthorName`) VALUES
(111, 'Yoshitoshi ABe'),
(112, 'Chako Abeno'),
(113, 'Mitsuru Adachi'),
(117, 'Tsutomu Adachi'),
(118, 'Tadashi Agi'),
(119, 'Wanyan Aguda'),
(120, 'Yu Aida'),
(121, 'Koji Aihara'),
(122, 'Miki Aihara'),
(123, 'Mizuho Aimoto'),
(124, 'Haruka Aizawa'),
(125, 'Michiyo Akaishi'),
(126, 'Ken Akamatsu'),
(127, 'A.I. Love You'),
(128, 'Love Hina'),
(129, 'Fujio Akatsuka'),
(130, 'Katsu Aki'),
(131, 'Nami Akimoto'),
(132, 'Osamu Akimoto'),
(133, 'Matsuri Akino'),
(134, 'George Akiyama'),
(135, 'Tamayo Akiyama'),
(136, 'Risu Akizuki'),
(137, 'Akira Amano'),
(138, 'Reborn!'),
(139, 'Kozue Amano'),
(140, 'Shiro Amano'),
(141, 'Yōichi Amano'),
(142, 'Yoshitaka Amano'),
(143, 'Mogura Anagura'),
(144, 'Masahiro Anbe'),
(145, 'Jiro Ando'),
(146, 'Natsumi Ando'),
(147, 'Yuma Ando'),
(148, 'Moyoco Anno'),
(149, 'Nobuyuki Anzai'),
(150, 'Futaba Aoi'),
(151, 'Yasuko Aoike'),
(152, 'Kotomi Aoki'),
(153, 'Mitsue Aoki'),
(154, 'Takao Aoki'),
(155, 'Ume Aoki'),
(156, 'Yūji Aoki'),
(157, 'Takako Aonuma'),
(158, 'Gosho Aoyama'),
(159, 'Detective Conan'),
(160, 'Hideki Arai'),
(161, 'Kiyoko Arai'),
(162, 'Hiromu Arakawa'),
(163, 'Fullmetal Alchemist'),
(164, 'Naoshi Arakawa'),
(165, 'Hirohiko Araki'),
(166, 'JoJo\'s Bizarre Adventure'),
(167, 'Kanao Araki'),
(168, 'Keiichi Arawi'),
(169, 'Keitarō Arima'),
(170, 'Kyoko Ariyoshi'),
(171, 'Hiroshi Aro'),
(172, 'Aruko'),
(173, 'Hiroyuki Asada'),
(174, 'Sakura Asagi'),
(175, 'Yū Asagiri'),
(176, 'Yuya Asahina'),
(177, 'Masashi Asaki'),
(178, 'George Asakura'),
(179, 'Kia Asamiya'),
(180, 'Inio Asano'),
(181, 'Hinako Ashihara'),
(182, 'Hitoshi Ashinano'),
(183, 'Haro Aso'),
(184, 'Izumi Aso'),
(185, 'Min Ayahana'),
(186, 'Rando Ayamine'),
(187, 'Hideo Azuma'),
(188, 'Kiyohiko Azuma'),
(189, 'Azumanga Daioh'),
(190, 'Yotsuba&!'),
(191, 'Mayumi Azuma'),
(192, 'Ryō Azumi'),
(193, 'Ippongi Bang'),
(194, 'Daichi Banjou'),
(195, 'Barasui'),
(196, 'Boichi'),
(197, 'Frédéric Boilet'),
(198, 'Buronson'),
(199, 'Carnelian'),
(200, 'Tartan Check'),
(201, 'Akio Chiba'),
(202, 'Kiyokazu Chiba'),
(203, 'Tetsuya Chiba'),
(204, 'Nanae Chrono'),
(205, 'Tatsuya Egawa'),
(206, 'Hisashi Eguchi'),
(207, 'Eiki Eiki'),
(208, 'Train Train (manga)'),
(209, 'Tatsuma Ejiri'),
(210, 'Emura'),
(211, 'W Juliet'),
(212, 'Hiroki Endo'),
(213, 'Shunji Enomoto'),
(214, 'Kei Enue'),
(215, 'Est em'),
(216, 'Seduce Me After the Show'),
(217, 'Mihona Fujii'),
(218, 'Rino Fujii'),
(219, 'Happiness!'),
(220, 'Tatsuki Fujimoto'),
(221, 'Ryu Fujisaki'),
(222, 'Tooru Fujisawa'),
(223, 'Great Teacher Onizuka'),
(224, 'Kōsuke Fujishima'),
(225, 'Kazuhiro Fujita'),
(226, 'Kazuko Fujita'),
(227, 'Makoto Call!'),
(228, 'Maguro Fujita'),
(229, 'Cocoa Fujiwara'),
(230, 'Inu x Boku SS'),
(231, 'Hiro Fujiwara'),
(232, 'Yoshihide Fujiwara'),
(233, 'Tsubasa Fukuchi'),
(234, 'The Law of Ueki'),
(235, 'Eiichi Fukui'),
(236, 'Nobuyuki Fukumoto'),
(237, 'Haruka Fukushima'),
(238, 'Sho Fumimura'),
(239, 'Yoshiyuki Okamura'),
(240, 'Kou Fumizuki'),
(241, 'Haruichi Furudate'),
(242, 'Minoru Furuya'),
(243, 'Mitsutoshi Furuya'),
(244, 'Usamaru Furuya'),
(245, 'Fujiko Fujio'),
(246, 'Hiroshi Gamō'),
(247, 'Keiji Gotoh'),
(248, 'GotoP'),
(249, 'Moto Hagio'),
(250, 'Kazushi Hagiwara'),
(251, 'Ryusuke Hamamoto'),
(252, 'Petit Eva: Evangelion@School'),
(253, 'Youko Hanabusa'),
(254, 'Lady!!'),
(255, 'Pink Hanamori'),
(256, 'Mermaid Melody Pichi Pichi Pitch'),
(257, 'Kazuichi Hanawa'),
(258, 'Hidenori Hara'),
(259, 'Taira Hara'),
(260, 'Tetsuo Hara'),
(261, 'Yutaka Hara'),
(262, 'Sunao Hari'),
(263, 'Etsumi Haruki'),
(264, 'Shohei Harumoto'),
(265, 'SS'),
(266, 'Nanae Haruno'),
(267, 'Nana Haruta'),
(268, 'Machiko Hasegawa'),
(269, 'Takashi Hashiguchi'),
(270, 'Yakitate!! Japan'),
(271, 'Mitsuo Hashimoto'),
(272, 'Kenjiro Hata'),
(273, 'Hayate no Gotoku'),
(274, 'Jun Hatanaka'),
(275, 'Bisco Hatori'),
(276, 'Ouran High School Host Club'),
(277, 'Akiko Hatsu'),
(278, 'Mitsuru Hattori'),
(279, 'Miki Hayasaka'),
(280, 'Fumino Hayashi'),
(281, 'Neon Genesis Evangelion: Angelic Days'),
(282, 'Q Hayashida'),
(283, 'Dorohedoro'),
(284, 'Shizuru Hayashiya'),
(285, 'Hayate X Blade'),
(286, 'Reine Hibiki'),
(287, 'Maria-sama ga Miteru'),
(288, 'Yukari Higa'),
(289, 'Magical Record Lyrical Nanoha Force'),
(290, 'Akiko Higashimura'),
(291, 'Kuragehime'),
(292, 'Asa Higuchi'),
(293, 'Daisuke Higuchi'),
(294, 'Tachibana Higuchi'),
(295, 'Gakuen Alice'),
(296, 'Portrait of M and N'),
(297, 'You Higuri'),
(298, 'Aoi Hiiragi'),
(299, 'Hidekaz Himaruya'),
(300, 'Hetalia: Axis Powers'),
(301, 'Akira Himekawa'),
(302, 'Hideshi Hino'),
(303, 'Matsuri Hino'),
(304, 'Vampire Knight'),
(305, 'Hisashi Hirai'),
(306, 'Gundam SEED'),
(307, 'Linebarrels of Iron'),
(308, 'Kouta Hirano'),
(309, 'Hellsing'),
(310, 'Hiroshi Hirata'),
(311, 'Rei Hiroe'),
(312, 'Black Lagoon'),
(313, 'Kenshi Hirokane'),
(314, 'Hiroyuki (artist)'),
(315, 'Tatsuya Hiruta'),
(316, 'Kōtarō Makaritōru!'),
(317, 'Saki Hiwatari'),
(318, 'Tsukasa Hojo'),
(319, 'Yutori Hōjō'),
(320, 'Higurashi no Naku Koro ni'),
(321, 'Yukine Honami'),
(322, 'Yuji Horii'),
(323, 'Kōhei Horikoshi'),
(324, 'My Hero Academia'),
(325, 'Katsura Hoshino'),
(326, 'D.Gray-Man'),
(327, 'Kōichirō Hoshino'),
(328, 'Lily Hoshino'),
(329, 'Yukinobu Hoshino'),
(330, 'Chieko Hosokawa'),
(331, 'Attention Please'),
(332, 'Crest of the Royal Family'),
(333, 'Fujihiko Hosono'),
(334, 'Yumi Hotta'),
(335, 'Hikaru no Go'),
(336, 'Yukari Ichijo'),
(337, 'Masato Ichishiki'),
(338, 'Aguri Igarashi'),
(339, 'Bamboo Blade'),
(340, 'Daisuke Igarashi'),
(341, 'Mikio Igarashi'),
(342, 'Satsuki Igarashi'),
(343, 'Yumiko Igarashi'),
(344, 'Akihisa Ikeda'),
(345, 'Rosario + Vampire'),
(346, 'Riyoko Ikeda'),
(347, 'Ryoichi Ikegami'),
(348, 'Gō Ikeyamada'),
(349, 'Satomi Ikezawa'),
(350, 'Ryo Ikuemi'),
(351, 'Mia Ikumi'),
(352, 'Tokyo Mew Mew'),
(353, 'Ichiko Ima'),
(354, 'Kami Imai'),
(355, 'Koji Inada'),
(356, 'Riichiro Inagaki'),
(357, 'Eyeshield 21'),
(358, 'Dr. Stone'),
(359, 'Kazurou Inoue'),
(360, 'Santa Inoue'),
(361, 'Takehiko Inoue'),
(362, 'Vagabond'),
(363, 'Slam Dunk'),
(364, 'Kira Inugami'),
(365, 'Sekihiko Inui'),
(366, 'Murder Princess'),
(367, 'Hajime Isayama'),
(368, 'Attack on Titan'),
(369, 'Sui Ishida'),
(370, 'Tokyo Ghoul'),
(371, 'Hisaichi Ishii'),
(372, 'Takashi Ishii'),
(373, 'Ken Ishikawa'),
(374, 'Yūgo Ishikawa'),
(375, 'Shotaro Ishinomori'),
(376, 'Osamu Ishiwata'),
(377, 'Makoto Isshiki'),
(378, 'Piano no Mori'),
(379, 'Isutoshi'),
(380, 'Keisuke Itagaki'),
(381, 'Akihiro Ito'),
(382, 'Akira Itō'),
(383, 'Yu-Gi-Oh! R'),
(384, 'Junji Ito'),
(385, 'Noizi Ito'),
(386, 'Shakugan no Shana'),
(387, 'Haruhi Suzumiya'),
(388, 'Takehiko Ito'),
(389, 'Risa Itō'),
(390, 'Shimpei Itoh'),
(391, 'Natsumi Itsuki'),
(392, 'Hitoshi Iwaaki'),
(393, 'Mariko Iwadate'),
(394, 'Yuji Iwahara'),
(395, 'Hisae Iwaoka'),
(396, 'Takashi Iwashige'),
(397, 'Toshiaki Iwashiro'),
(398, 'Psyren'),
(399, 'Mann Izawa'),
(400, 'Kaneyoshi Izumi'),
(401, 'Judal'),
(402, 'Yuna Kagesaki'),
(403, 'Naoyuki Kageyama'),
(404, 'Shintaro Kago'),
(405, 'Hiroyuki Kaidō'),
(406, 'Sōsuke Kaise'),
(407, 'Shinobu Kaitani'),
(408, 'Ikki Kajiwara'),
(409, 'Kakifly'),
(410, 'Narumi Kakinouchi'),
(411, 'Yuji Kaku'),
(412, 'Teruo Kakuta'),
(413, 'Yuhki Kamatani'),
(414, 'Atsushi Kamijo'),
(415, 'Akimine Kamijyo'),
(416, 'Futago Kamikita'),
(417, 'Kazuo Kamimura'),
(418, 'Yoko Kamio'),
(419, 'Yozaburo Kanari'),
(420, 'Akira Kanbe'),
(421, 'Muneyuki Kaneshiro'),
(422, 'Aya Kanno'),
(423, 'Yasuhiro Kanō'),
(424, 'Masaomi Kanzaki'),
(425, 'Junko Karube'),
(426, 'Manavu Kashimoto'),
(427, 'Kazue Kato'),
(428, 'Kazuhiko Kato'),
(429, 'Lupin III'),
(430, 'Motohiro Katou'),
(431, 'Susumu Katsumata'),
(432, 'Masakazu Katsura'),
(433, 'Yukimaru Katsura'),
(434, 'Kaiji Kawaguchi'),
(435, 'Kazune Kawahara'),
(436, 'Masatoshi Kawahara'),
(437, 'Yumiko Kawahara'),
(438, 'Homura Kawamoto'),
(439, 'Mika Kawamura'),
(440, 'Noboru Kawasaki'),
(441, 'Tadashi Kawashima'),
(442, 'Mizuki Kawashita'),
(443, 'Kazumi Kazui'),
(444, 'Funatsu Kazuki'),
(445, 'Addicted to Curry'),
(446, 'Maki Kazumi'),
(447, 'Izumi Kazuto'),
(448, 'Toshie Kihara'),
(449, 'Moto Kikaku'),
(450, 'Minori Kimura'),
(451, 'Sakura Kinoshita'),
(452, 'Shimoku Kio'),
(453, 'Yuki Kiriga'),
(454, 'Izumi Kirihara'),
(455, 'Kōji Kiriyama'),
(456, 'Masashi Kishimoto'),
(457, 'Naruto'),
(458, 'Seishi Kishimoto'),
(459, '666 Satan'),
(460, 'Yukito Kishiro'),
(461, 'Miyuki Kitagawa'),
(462, 'Taku Kitazaki'),
(463, 'Rakuten Kitazawa'),
(464, 'En Kitō'),
(465, 'Mohiro Kitoh'),
(466, 'Kazuhiro Kiuchi'),
(467, 'Totan Kobako'),
(468, 'Jin Kobayashi'),
(469, 'Kentarō Kobayashi'),
(470, 'Kiyochika Kobayashi'),
(471, 'Makoto Kobayashi'),
(472, 'Miyuki Kobayashi'),
(473, 'Motofumi Kobayashi'),
(474, 'Toshihiko Kobayashi'),
(475, 'Yoshinori Kobayashi'),
(476, 'Ukyō Kodachi'),
(477, 'Kazuma Kodaka'),
(478, 'Koge-Donbo'),
(479, 'Di Gi Charat'),
(480, 'Kamichama Karin'),
(481, 'Kazuo Koike'),
(482, 'Maya Koikeda'),
(483, 'Akira Kojima'),
(484, 'Goseki Kojima'),
(485, 'Kō Kojima'),
(486, 'Naoshi Komi'),
(487, 'Nisekoi'),
(488, 'Ayumi Komura'),
(489, 'Satoshi Kon'),
(490, 'Fumiyo Kōno'),
(491, 'Takeshi Konomi'),
(492, 'Rikdo Koshi'),
(493, 'Tsukasa Kotobuki'),
(494, 'Yun Kouga'),
(495, 'Keito Koume'),
(496, 'Hirano Kouta'),
(497, 'Yū Koyama'),
(498, 'Tite Kubo'),
(499, 'Bleach'),
(500, 'Eisaku Kubonouchi'),
(501, 'Masashi Kudō'),
(502, 'Kōji Kumeta'),
(503, 'Shosuke Kurakane'),
(504, 'Fusako Kuramochi'),
(505, 'Yuki Kure'),
(506, 'Yōji Kuri'),
(507, 'Iou Kuroda'),
(508, 'Masami Kurumada'),
(509, 'Saint Seiya'),
(510, 'Hidenori Kusaka'),
(511, 'Nari Kusakawa'),
(512, 'Kei Kusunoki'),
(513, 'Michiharu Kusunoki'),
(514, 'Jiro Kuwata'),
(515, 'Henmaru Machino'),
(516, 'Jun Maeda'),
(517, 'Toshio Maeda'),
(518, 'Takeshi Maekawa'),
(519, 'Miyako Maki'),
(520, 'Yoko Maki'),
(521, 'Johji Manabe'),
(522, 'Suehiro Maruo'),
(523, 'Usune Masatoshi'),
(524, 'Hiro Mashima'),
(525, 'Fairy Tail'),
(526, 'Kōsuke Masuda'),
(527, 'Hiroshi Masumura'),
(528, 'Sanami Matoh'),
(529, 'Yūsei Matsui'),
(530, 'Izumi Matsumoto'),
(531, 'Jiro Matsumoto'),
(532, 'Katsuji Matsumoto'),
(533, 'Leiji Matsumoto'),
(534, 'Masahiko Matsumoto'),
(535, 'Nina Matsumoto'),
(536, 'Taiyo Matsumoto'),
(537, 'Temari Matsumoto'),
(538, 'Tomo Matsumoto'),
(539, 'Akemi Matsunae'),
(540, 'Hino Matsuri'),
(541, 'Susumu Matsushita'),
(542, 'Tokihiko Matsuura'),
(543, 'Seiji Matsuyama'),
(544, 'Mineo Maya'),
(545, 'Meimu'),
(546, 'Yuki Midorikawa'),
(547, 'Mitsukazu Mihara'),
(548, 'Rei Mikamoto'),
(549, 'Haruhiko Mikimoto'),
(550, 'Ryoji Minagawa'),
(551, 'Kazuka Minami'),
(552, 'Maki Minami'),
(553, 'Yū Minamoto'),
(554, 'Suu Minazuki'),
(555, 'Nobuaki Minegishi'),
(556, 'Kazuya Minekura'),
(557, 'Juri Misaki'),
(558, 'Norifusa Mita'),
(559, 'Ryūsuke Mita'),
(560, 'Takuya Mitsuda'),
(561, 'Suzue Miuchi'),
(562, 'Kentaro Miura'),
(563, 'Berserk'),
(564, 'Kouji Miura'),
(565, 'Blue Box'),
(566, 'Mitsuru Miura'),
(567, 'Shirow Miwa'),
(568, 'Riko Miyagi'),
(569, 'Tomochika Miyano'),
(570, 'Kaho Miyasaka'),
(571, 'Hayao Miyazaki'),
(572, 'Nausicaä of the Valley of the Wind'),
(573, 'Hakase Mizuki'),
(574, 'Kyoko Mizuki'),
(575, 'Shigeru Mizuki'),
(576, 'Eita Mizuno'),
(577, 'Hideko Mizuno'),
(578, 'Junko Mizuno'),
(579, 'Tohko Mizuno'),
(580, 'Megumi Mizusawa'),
(581, 'Shinji Mizushima'),
(582, 'Setona Mizushiro'),
(583, 'Jun Mochizuki'),
(584, 'Mokona'),
(585, 'Takeaki Momose'),
(586, 'Hideki Mori'),
(587, 'Kaoru Mori'),
(588, 'Taishi Mori'),
(589, 'George Morikawa'),
(590, 'Ai Morinaga'),
(591, 'Milk Morinaga'),
(592, 'Morishige'),
(593, 'Masanori Morita'),
(594, 'Daisuke Moriyama'),
(595, 'Chrono Crusade'),
(596, 'Milk Morizono'),
(597, 'Daijiro Morohoshi'),
(598, 'Hagio Moto'),
(599, 'Kyousuke Motomi'),
(600, 'Dengeki Daisy'),
(601, 'Natsumi Mukai'),
(602, 'Kenichi Muraeda'),
(603, 'Glen Murakami'),
(604, 'Maki Murakami'),
(605, 'Gravitation'),
(606, 'Motoka Murakami'),
(607, 'Range Murata'),
(608, 'Yusuke Murata'),
(609, 'One Punch Man'),
(610, 'Wataru Murayama'),
(611, 'Mayumi Muroyama'),
(612, 'Go Nagai'),
(613, 'Devilman'),
(614, 'Cutie Honey'),
(615, 'Mazinger Z'),
(616, 'Violence Jack'),
(617, 'Getter Robo'),
(618, 'Mamoru Nagano'),
(619, 'Shinji Nagashima'),
(620, 'Takeru Nagayoshi'),
(621, 'An Nakahara'),
(622, 'Aya Nakahara'),
(623, 'Love Com'),
(624, 'Masahiko Nakahira'),
(625, 'Tsuyoshi Nakaima'),
(626, 'Hisaya Nakajo'),
(627, 'Hikaru Nakamura'),
(628, 'Saint Young Men'),
(629, 'Arakawa Under the Bridge'),
(630, 'Shungiku Nakamura'),
(631, 'Junjou Romantica'),
(632, 'Sekai-ichi Hatsukoi'),
(633, 'Yoshiki Nakamura'),
(634, 'Skip Beat!'),
(635, 'Nio Nakatani'),
(636, 'Bloom Into You'),
(637, 'Keiji Nakazawa'),
(638, 'Shingo Nanami'),
(639, 'Kiriko Nananan'),
(640, 'Aoi Nanase'),
(641, 'Akira Narita'),
(642, 'Hanaharu Naruko'),
(643, 'Yuri Narushima'),
(644, 'Yoshinori Natsume'),
(645, 'Tsubaki Nekoi'),
(646, 'Nekojiru'),
(647, 'Yasuhiro Nightow'),
(648, 'Trigun'),
(649, 'Blood Blockade Battlefront'),
(650, 'Tsutomu Nihei'),
(651, 'Tomoko Ninomiya'),
(652, 'Keiko Nishi'),
(653, 'Yoshiyuki Nishi'),
(654, 'Hiroyuki Nishimori'),
(655, 'Sou Nishimura'),
(656, 'Yoshinobu Nishizaki'),
(657, 'Youka Nitta'),
(658, 'Makoto Niwano'),
(659, 'Toshio Nobe'),
(660, 'Shinbo Nomura'),
(661, 'Eiji Nonaka'),
(662, 'Charlie Nozawa'),
(663, 'Miho Obana'),
(664, 'Kodocha'),
(665, 'Takeshi Obata'),
(666, 'Death Note'),
(667, 'Bakuman'),
(668, 'Ochazukenori'),
(669, 'Eiichiro Oda'),
(670, 'One Piece'),
(671, 'Hideji Oda'),
(672, 'Etsushi Ogawa'),
(673, 'Akane Ogura'),
(674, 'Saori Oguri'),
(675, 'Tsuyoshi Ōhashi'),
(676, 'Tsugumi Ohba'),
(677, 'Oh! great'),
(678, 'Air Gear'),
(679, 'Mineko Ohkami'),
(680, 'Nanase Ohkawa'),
(681, 'Shinobu Ohtaka'),
(682, 'Kendi Oiwa'),
(683, 'Hiroi Oji'),
(684, 'Megumu Okada'),
(685, 'Okama'),
(686, 'Lynn Okamoto'),
(687, 'Elfen Lied'),
(688, 'Reiko Okano'),
(689, 'Takeshi Okano'),
(690, 'Kyoko Okazaki'),
(691, 'Mari Okazaki'),
(692, 'Takashi Okazaki'),
(693, 'Afro Samurai'),
(694, 'Hiroya Oku'),
(695, 'Gantz'),
(696, 'Atsushi Ōkubo'),
(697, 'Soul Eater'),
(698, 'Fire Force'),
(699, 'Hitoshi Okuda'),
(700, 'Tenchi Muyo!'),
(701, 'One'),
(702, 'Mob Psycho 100'),
(703, 'Makai No Ossan'),
(704, 'Hiromu Ono'),
(705, 'Natsume Ono'),
(706, 'Toshihiro Ono'),
(707, 'Mamoru Oshii'),
(708, 'Towa Oshima'),
(709, 'Yasuichi Oshima'),
(710, 'Yumiko Ōshima'),
(711, 'Katsuhiro Otomo'),
(712, 'Minami Ozaki'),
(713, 'Mari Ozawa'),
(714, 'Akira Oze'),
(715, 'Marimo Ragawa'),
(716, 'Makoto Raiku'),
(717, 'Ryō Ramiya'),
(718, 'Koshi Rikdo'),
(719, 'Robico'),
(720, 'My Little Monster'),
(721, 'Noboru Rokuda'),
(722, 'Yoshiyuki Sadamoto'),
(723, 'Fumi Saimon'),
(724, 'Chiho Saito'),
(725, 'Takao Saito'),
(726, 'Rin Saitō'),
(727, 'Mayu Sakai'),
(728, 'Yasuko Sakata'),
(729, 'Ken\'ichi Sakemi'),
(730, 'Harold Sakuishi'),
(731, 'Ashika Sakura'),
(732, 'Sensitive Pornograph'),
(733, 'Sekirei'),
(734, 'Momoko Sakura'),
(735, 'Koharu Sakuraba'),
(736, 'Kanoko Sakurakoji'),
(737, 'Minene Sakurano'),
(738, 'Erica Sakurazawa'),
(739, 'Hiroaki Samura'),
(740, 'Riku Sanjo'),
(741, 'Tetsuya Saruwatari'),
(742, 'Hiroshi Sasagawa'),
(743, 'Ryo Sasaki'),
(744, 'Ayato Sasakura'),
(745, 'Daisuke Satō'),
(746, 'Highschool of the Dead'),
(747, 'Shio Satō'),
(748, 'Shōji Satō'),
(749, 'Shūhō Satō'),
(750, 'Machiko Satonaka'),
(751, 'Yoshio Sawai'),
(752, 'Shizuru Seino'),
(753, 'Kōji Seo'),
(754, 'Takako Shigematsu'),
(755, 'Shuichi Shigeno'),
(756, 'Hiroshi Shiibashi'),
(757, 'Ayumi Shiina'),
(758, 'Takashi Shiina'),
(759, 'Satoshi Shiki'),
(760, 'Mitsutoshi Shimabukuro'),
(761, 'Kazuhiko Shimamoto'),
(762, 'Reiko Shimizu'),
(763, 'Yuki Shimizu'),
(764, 'Takako Shimura'),
(765, 'Rize Shinba'),
(766, 'Mayu Shinjo'),
(767, 'Chie Shinohara'),
(768, 'Red River'),
(769, 'Tōru Shinohara'),
(770, 'Mizuo Shinonome'),
(771, 'Hiromu Shinozuka'),
(772, 'Kaoru Shintani'),
(773, 'Motoei Shinzawa'),
(774, 'Etorouji Shiono'),
(775, 'Yuji Shiozaki'),
(776, 'Kaiu Shirai'),
(777, 'The Promised Neverland'),
(778, 'Sanpei Shirato'),
(779, 'Kotobuki Shiriagari'),
(780, 'Masamune Shirow'),
(781, 'Yōko Shōji'),
(782, 'Kouyu Shurei'),
(783, 'Smelly'),
(784, 'Masahito Soda'),
(785, 'Toshinori Sogabe'),
(786, 'Kenichi Sonoda'),
(787, 'Mitsuyoshi Sonoda'),
(788, 'Hideaki Sorachi'),
(789, 'Gin Tama'),
(790, 'Fuyumi Soryo'),
(791, 'Keiko Suenobu'),
(792, 'Yuki Suetsugu'),
(793, 'Mitsuru Sugaya'),
(794, 'Ken Sugimori'),
(795, 'Yukiru Sugisaki'),
(796, 'D.N. Angel'),
(797, 'Hinako Sugiura'),
(798, 'Shigeru Sugiura'),
(799, 'Shiho Sugiura'),
(800, 'Natsuki Sumeragi'),
(801, 'Yukiko Sumiyoshi'),
(802, 'Hiro Suzuhira'),
(803, 'Jirō Suzuki'),
(804, 'Julietta Suzuki'),
(805, 'Nakaba Suzuki'),
(806, 'The Seven Deadly Sins'),
(807, 'Atsushi Suzumi'),
(808, 'Karin Suzuragi'),
(809, 'Yūki Tabata'),
(810, 'Black Clover'),
(811, 'Higuchi Tachibana'),
(812, 'Yutaka Tachibana'),
(813, 'Haruko Tachiiri'),
(814, 'Megumi Tachikawa'),
(815, 'Kaoru Tada'),
(816, 'Itazura na Kiss'),
(817, 'Gengoroh Tagame'),
(818, 'Suihō Tagawa'),
(819, 'Akemi Takada'),
(820, 'Rie Takada'),
(821, 'Yuzo Takada'),
(822, 'Nobuyuki Takagi'),
(823, 'Hiroshi Takahashi'),
(824, 'Kazuki Takahashi'),
(825, 'Yu-Gi-Oh!'),
(826, 'Koji Takahashi'),
(827, 'Rumiko Takahashi'),
(828, 'Ranma ½'),
(829, 'InuYasha'),
(830, 'Shin Takahashi'),
(831, 'Tsutomu Takahashi'),
(832, 'Yoichi Takahashi'),
(833, 'Yoshihiro Takahashi'),
(834, 'Yōsuke Takahashi'),
(835, 'Ryo Takamisaki'),
(836, 'Hinako Takanaga'),
(837, 'The Tyrant Falls in Love'),
(838, 'Mitsuba Takanashi'),
(839, 'Shizue Takanashi'),
(840, 'Fumiko Takano'),
(841, 'Ichigo Takano'),
(842, 'Orange (manga)'),
(843, 'Hiroshi Takashige'),
(844, 'Until Death Do Us Part'),
(845, 'Kazusa Takashima'),
(846, 'Misako Takashima'),
(847, 'Rica Takashima'),
(848, 'Rica \'tte Kanji!?'),
(849, 'Natsuki Takaya'),
(850, 'Fruits Basket'),
(851, 'Yoshiki Takaya'),
(852, 'Hiroyuki Takei'),
(853, 'Shaman King'),
(854, 'Kentaro Takekuma'),
(855, 'Keiko Takemiya'),
(856, 'shōjo'),
(857, 'Izumi Takemoto'),
(858, 'Mick Takeuchi'),
(859, 'Naoko Takeuchi'),
(860, 'Bishoujo Senshi Sailor Moon'),
(861, 'Takashi Takeuchi'),
(862, 'Fate/stay night'),
(863, 'Tony Takezaki'),
(864, 'Hiroyuki Tamakoshi'),
(865, 'Gacha Gacha'),
(866, 'Ryūhei Tamura'),
(867, 'Beelzebub'),
(868, 'Shigeru Tamura'),
(869, 'Yumi Tamura'),
(870, 'Yellow Tanabe'),
(871, 'Kunihiko Tanaka'),
(872, 'Masashi Tanaka'),
(873, 'Arina Tanemura'),
(874, 'Full Moon o Sagashite'),
(875, 'Kamikaze Kaito Jeanne'),
(876, 'Tomoko Taniguchi'),
(877, 'Jirō Taniguchi'),
(878, 'Makoto Tateno'),
(879, 'Yellow'),
(880, 'Ka Shin Fu'),
(881, 'Retsu Tateo'),
(882, 'Full Metal Panic!'),
(883, 'Yoshihiro Tatsumi'),
(884, 'Katsuya Terada'),
(885, 'Yuji Terajima'),
(886, 'Buichi Terasawa'),
(887, 'Daisuke Terasawa'),
(888, 'Reiko Terashima'),
(889, 'Yū Terashima'),
(890, 'Takashi Teshirogi'),
(891, 'Osamu Tezuka'),
(892, 'Astro Boy'),
(893, 'Jungle Taitei'),
(894, 'Keiko Tobe'),
(895, 'Yana Toboso'),
(896, 'Black Butler'),
(897, 'Izumi Tōdō'),
(898, 'Yoshihiro Togashi'),
(899, 'YuYu Hakusho'),
(900, 'Hunter × Hunter'),
(901, 'Hari Tokeino'),
(902, 'Me & My Brothers'),
(903, 'Kōichi Tokita'),
(904, 'Masaya Tokuhiro'),
(905, 'Hitoshi Tomizawa'),
(906, 'Tono'),
(907, 'Yoshiki Tonogai'),
(908, 'Miki Tori'),
(909, 'Akira Toriyama'),
(910, 'Dragon Ball'),
(911, 'Dr. Slump'),
(912, 'Kei Toume'),
(913, 'Ema Tōyama'),
(914, 'Masami Tsuda'),
(915, 'Kare Kano'),
(916, 'Mikiyo Tsuda'),
(917, 'yaoi'),
(918, 'Princess Princess'),
(919, 'Yoshiharu Tsuge'),
(920, 'Yumi Tsukirino'),
(921, 'Sakura Tsukuba'),
(922, 'Penguin Revolution'),
(923, 'Taku Tsumugi'),
(924, 'Yūko Tsuno'),
(925, 'Jirō Tsunoda'),
(926, 'Tsunomaru'),
(927, 'Kenji Tsuruta'),
(928, 'Midorikawa Tsuyoshi'),
(929, 'Shungicu Uchida'),
(930, 'Hajime Ueda'),
(931, 'Masashi Ueda'),
(932, 'Miwa Ueda'),
(933, 'Peach Girl'),
(934, 'Rinko Ueda'),
(935, 'Tail of the Moon'),
(936, 'Toshiko Ueda'),
(937, 'Kimiko Uehara'),
(938, 'Riichi Ueshiba'),
(939, 'U-Jin'),
(940, 'Haruto Umezawa'),
(941, 'Kazuo Umezu'),
(942, 'Chica Umino'),
(943, 'Akinobu Uraka'),
(944, 'Naoki Urasawa'),
(945, '20th Century Boys'),
(946, 'Monster'),
(947, 'Yuki Urushibara'),
(948, 'Satoshi Urushihara'),
(949, 'Yoshito Usui'),
(950, 'Kyosuke Usuta'),
(951, 'Hiroyuki Utatane'),
(952, 'Shinji Wada'),
(953, 'Tamiki Wakaki'),
(954, 'Ken Wakui'),
(955, 'Masako Watanabe'),
(956, 'Taeko Watanabe'),
(957, 'Seizō Watase'),
(958, 'Yuu Watase'),
(959, 'Kaworu Watashiya'),
(960, 'Nobuhiro Watsuki'),
(961, 'Rurouni Kenshin'),
(962, 'Yuu Yabuchi'),
(963, 'Kentaro Yabuki'),
(964, 'Black Cat'),
(965, 'To Love-Ru'),
(966, 'Chitose Yagami'),
(967, 'Hiroki Yagami'),
(968, 'Yu Yagami'),
(969, 'Norihiro Yagi'),
(970, 'Kou Yaginuma'),
(971, 'Akihiro Yamada'),
(972, 'J-ta Yamada'),
(973, 'Keiko Yamada'),
(974, 'Murasaki Yamada'),
(975, 'Nanpei Yamada'),
(976, 'Reiji Yamada'),
(977, 'Ryoko Yamagishi'),
(978, 'Masakazu Yamaguchi'),
(979, 'Arm of Kannon'),
(980, 'Tsubasa Yamaguchi'),
(981, 'Ebine Yamaji'),
(982, 'Hideo Yamamoto'),
(983, 'Naoki Yamamoto'),
(984, 'Satoshi Yamamoto'),
(985, 'Sumika Yamamoto'),
(986, 'Yamato Yamamoto'),
(987, 'Yasuhito Yamamoto'),
(988, 'Ayano Yamane'),
(989, 'Sharin Yamano'),
(990, 'Jūzō Yamasaki'),
(991, 'Ikuto Yamashita'),
(992, 'Kazumi Yamashita (manga artist)'),
(993, 'Waki Yamato'),
(994, 'Housui Yamazaki'),
(995, 'Kimio Yanagisawa'),
(996, 'Takashi Yanase'),
(997, 'Kentarō Yano'),
(998, 'Yasu'),
(999, 'Suzuhito Yasuda'),
(1000, 'Yoshikazu Yasuhiko'),
(1001, 'Kōichirō Yasunaga'),
(1002, 'Chao Yat'),
(1003, 'Ai Yazawa'),
(1004, 'Nao Yazawa'),
(1005, 'Mitsuteru Yokoyama'),
(1006, 'Hideyuki Yonehara'),
(1007, 'Yoshihiro Yonezawa'),
(1008, 'Akimi Yoshida'),
(1009, 'Tatsuo Yoshida'),
(1010, 'Miki Yoshikawa'),
(1011, 'Kagami Yoshimizu'),
(1012, 'Lucky☆Star'),
(1013, 'Fumi Yoshinaga'),
(1014, 'Sakumi Yoshino'),
(1015, 'Akihito Yoshitomi'),
(1016, 'Mine Yoshizaki'),
(1017, 'Seimu Yoshizaki'),
(1018, 'Wataru Yoshizumi'),
(1019, 'Toshiki Yui'),
(1020, 'Kaori Yuki'),
(1021, 'Masami Yuki'),
(1022, 'Nobuteru Yūki'),
(1023, 'Yukiwo'),
(1024, 'Makoto Yukimura'),
(1025, 'Sumomo Yumeka'),
(1026, 'Tsutae Yuzu'),
(1027, 'Adachitoka'),
(1028, 'Clamp'),
(1029, 'Angelic Layer'),
(1030, 'Chobits'),
(1031, 'Cardcaptor Sakura'),
(1032, 'Fujio Fujiko'),
(1033, 'Doraemon'),
(1034, 'Headgear (artist group)'),
(1035, 'Kaishaku'),
(1036, 'Kannazuki no Miko'),
(1037, 'Shattered Angels'),
(1038, 'Peach-Pit'),
(1039, 'DearS'),
(1040, 'Rozen Maiden'),
(1041, 'Shugo Chara!'),
(1042, 'Year 24 Group'),
(1043, 'Yudetamago'),
(1044, 'Kinnikuman'),
(1045, 'Comics'),
(1046, 'Glossary of comics terminology'),
(1047, 'Comic book'),
(1048, 'Ashcan comic'),
(1049, 'Limited series'),
(1050, 'One-shot'),
(1051, 'Ongoing series'),
(1052, 'Minicomic'),
(1053, 'Trade paperback'),
(1054, 'Comic strip'),
(1055, 'Comic strip formats'),
(1056, 'Daily comic strip'),
(1057, 'Lianhuanhua'),
(1058, 'Sunday comics'),
(1059, 'Topper'),
(1060, 'Digital comics'),
(1061, 'Mobile comic'),
(1062, 'Webcomic'),
(1063, 'Webtoon'),
(1064, 'Gag cartoon'),
(1065, 'Graphic novel'),
(1066, 'Political cartoon'),
(1067, 'Film comic'),
(1068, 'Motion comic'),
(1069, 'Photo comics'),
(1070, 'Silent comics'),
(1071, 'Text comics'),
(1072, 'Creators'),
(1073, 'Cartoonists'),
(1074, 'Colorists'),
(1075, 'Editors'),
(1076, 'Inkers'),
(1077, 'Letterers'),
(1078, 'Publishing companies'),
(1079, 'Writers'),
(1080, 'Editorial'),
(1081, 'Minicomics'),
(1082, 'Webcomics'),
(1083, 'American'),
(1084, 'Jewish American'),
(1085, 'Australian'),
(1086, 'Canadian'),
(1087, 'Cuban'),
(1088, 'Filipino'),
(1089, 'Macedonian'),
(1090, 'Female comics creators'),
(1091, 'Years in comics'),
(1092, 'Comics historiography'),
(1093, 'Golden Age'),
(1094, 'Silver Age'),
(1095, 'Bronze Age'),
(1096, 'Modern Age'),
(1097, 'events'),
(1098, 'Japanese (manga)'),
(1099, 'Comics studies'),
(1100, 'Abstract'),
(1101, 'Adult'),
(1102, 'Ambiguous'),
(1103, 'Anthropomorphic'),
(1104, 'Autobiographical'),
(1105, 'Celebrity'),
(1106, 'Comics journalism'),
(1107, 'Comics poetry'),
(1108, 'Crime'),
(1109, 'Dystopian'),
(1110, 'Erotic'),
(1111, 'Fantasy'),
(1112, 'Graphic medicine'),
(1113, 'Horror'),
(1114, 'Romance'),
(1115, 'Science fiction'),
(1116, 'Superhero'),
(1117, 'Teen humor'),
(1118, 'Tijuana bible'),
(1119, 'Underground'),
(1120, 'War'),
(1121, 'Western'),
(1122, 'Wrestling'),
(1123, 'Tropes'),
(1124, 'Antihero'),
(1125, 'Decompression'),
(1126, 'Talking animals'),
(1127, 'Masking'),
(1128, 'Rogue'),
(1129, 'Supervillain'),
(1130, 'Widescreen comics'),
(1131, 'Ethnic stereotypes'),
(1132, 'Feminist'),
(1133, 'Gender and webcomics'),
(1134, 'LGBT'),
(1135, 'American mainstream'),
(1136, 'Portrayal of black people'),
(1137, 'African characters'),
(1138, 'Portrayal of women'),
(1139, 'The Hawkeye Initiative'),
(1140, 'Women in Refrigerators'),
(1141, 'By country'),
(1142, 'South Africa'),
(1143, 'Argentina'),
(1144, 'Brazil'),
(1145, 'Canada'),
(1146, 'Quebec'),
(1147, 'Mexico'),
(1148, 'United States'),
(1149, 'China and Taiwan'),
(1150, 'Hong Kong'),
(1151, 'India'),
(1152, 'Japan'),
(1153, 'lists'),
(1154, 'Korea'),
(1155, 'Philippines'),
(1156, 'Thailand'),
(1157, 'Vietnam'),
(1158, 'Europe'),
(1159, 'Czech Republic'),
(1160, 'Croatia'),
(1161, 'France and Belgium'),
(1162, 'Belgium'),
(1163, 'Germany'),
(1164, 'Hungary'),
(1165, 'Ireland'),
(1166, 'Italy'),
(1167, 'Netherlands'),
(1168, 'Poland'),
(1169, 'Portugal'),
(1170, 'Serbia'),
(1171, 'Spain'),
(1172, 'United Kingdom'),
(1173, 'Wales'),
(1174, 'Australia'),
(1175, 'Comic books'),
(1176, 'Comic strips'),
(1177, 'Manga magazines'),
(1178, 'Based on fiction'),
(1179, 'Based on films'),
(1180, 'Based on television programs'),
(1181, 'Based on video games'),
(1182, 'Awards'),
(1183, 'Best-selling comic series'),
(1184, 'manga magazines'),
(1185, 'Comic books on CD/DVD'),
(1186, 'Comics and comic strips made into feature films'),
(1187, 'Comics solicited but never published'),
(1188, 'Belgian Comic Strip Center'),
(1189, 'Billy Ireland Cartoon Library & Museum'),
(1190, 'National Cartoon Museum'),
(1191, 'British Cartoon Archive'),
(1192, 'Caricature & Cartoon Museum Basel'),
(1193, 'Cartoon Art Museum'),
(1194, 'The Cartoon Museum'),
(1195, 'Fred Waring\'s Cartoon Collection'),
(1196, 'Gibiteca Antonio Gobbo'),
(1197, 'Michigan State University Comic Art Collection'),
(1198, 'Museum of Comic and Cartoon Art'),
(1199, 'ToonSeum'),
(1200, 'Words & Pictures Museum'),
(1201, 'Center for Cartoon Studies'),
(1202, 'The Kubert School'),
(1203, 'Academy of Comic Book Arts'),
(1204, 'Association of Canadian Cartoonists'),
(1205, 'Association of Comics Magazine Publishers'),
(1206, 'Australian Cartoonists\' Association'),
(1207, 'Comic Art Professional Society'),
(1208, 'National Cartoonists Society'),
(1209, 'Samahang Kartunista ng Pilipinas'),
(1210, 'Association des Critiques et des journalistes de Bande Dessinée'),
(1211, 'Canadian Comic Book Creator Awards Association'),
(1212, 'Canadian Society for the Study of Comics'),
(1213, 'Comic & Fantasy Art Amateur Press Association'),
(1214, 'Comics Studies Society'),
(1215, 'Sequart Organization'),
(1216, 'Svenska Serieakademien'),
(1217, 'Academy of Comic-Book Fans and Collectors'),
(1218, 'British Amateur Press Association (comics)'),
(1219, 'Club des bandes dessinées'),
(1220, 'Comic Book Legal Defense Fund'),
(1221, 'Comic Legends Legal Defense Fund'),
(1222, 'Finnish Comics Society'),
(1223, 'Friends of Lulu'),
(1224, 'The Hero Initiative'),
(1225, 'Xeric Foundation'),
(1226, 'Comics portal'),
(1227, 'Cartoon portal'),
(1228, 'Category'),
(1229, 'WikiProject'),
(1230, 'Categories'),
(1231, 'Lists of comics creators'),
(1232, 'Manga artists');

-- --------------------------------------------------------

--
-- Cấu trúc bảng cho bảng `category`
--

DROP TABLE IF EXISTS `category`;
CREATE TABLE IF NOT EXISTS `category` (
  `CategoryID` int NOT NULL AUTO_INCREMENT,
  `CategoryName` varchar(50) CHARACTER SET utf8mb4 COLLATE utf8mb4_0900_ai_ci NOT NULL,
  PRIMARY KEY (`CategoryID`)
) ENGINE=MyISAM AUTO_INCREMENT=62 DEFAULT CHARSET=utf8mb4 COLLATE=utf8mb4_0900_ai_ci;

--
-- Đang đổ dữ liệu cho bảng `category`
--

INSERT INTO `category` (`CategoryID`, `CategoryName`) VALUES
(1, 'Action'),
(2, 'Adult'),
(3, 'Adventure'),
(4, 'Comedy'),
(5, 'Comic'),
(6, 'Cooking'),
(7, 'Doujinshi'),
(8, 'Drama'),
(9, 'Ecchi'),
(10, 'Fantasy'),
(11, 'Gender Bender'),
(12, 'Harem'),
(13, 'Historical'),
(14, 'Horror'),
(15, 'Isekai'),
(16, 'Mafia'),
(17, 'Magic'),
(18, 'Manhua'),
(19, 'Manhwa'),
(20, 'Martial Arts'),
(21, 'Mature'),
(22, 'Mecha'),
(23, 'Military'),
(24, 'Mystery'),
(25, 'Ngôn tình'),
(26, 'Oneshot'),
(27, 'Psychological'),
(28, 'Romance'),
(29, 'School Life'),
(30, 'Sci-fi'),
(38, 'Webtoon'),
(31, 'Seinen'),
(32, 'Shoujo'),
(33, 'Slice of Life'),
(34, 'Smut'),
(35, 'Sports'),
(36, 'Supernatural'),
(37, 'Tragedy');

-- --------------------------------------------------------

--
-- Cấu trúc bảng cho bảng `chapter`
--

DROP TABLE IF EXISTS `chapter`;
CREATE TABLE IF NOT EXISTS `chapter` (
  `ChapterID` int NOT NULL AUTO_INCREMENT,
  `StoryID` int DEFAULT NULL,
  `ChapterNumber` int DEFAULT NULL,
  `Title` varchar(255) CHARACTER SET utf8mb4 COLLATE utf8mb4_0900_ai_ci DEFAULT NULL,
  `Content` text CHARACTER SET utf8mb4 COLLATE utf8mb4_0900_ai_ci,
  `Created_at` timestamp NULL DEFAULT NULL,
  `Updated_at` timestamp NULL DEFAULT NULL,
  PRIMARY KEY (`ChapterID`),
  KEY `StoryID` (`StoryID`)
) ENGINE=MyISAM AUTO_INCREMENT=28 DEFAULT CHARSET=utf8mb4 COLLATE=utf8mb4_0900_ai_ci;

--
-- Đang đổ dữ liệu cho bảng `chapter`
--

INSERT INTO `chapter` (`ChapterID`, `StoryID`, `ChapterNumber`, `Title`, `Content`, `Created_at`, `Updated_at`) VALUES
(26, 46, NULL, 'Chương 1', NULL, '2023-12-22 19:21:27', NULL),
(27, 46, NULL, 'Chương 2', NULL, '2023-12-24 23:51:11', NULL);

-- --------------------------------------------------------

--
-- Cấu trúc bảng cho bảng `images`
--

DROP TABLE IF EXISTS `images`;
CREATE TABLE IF NOT EXISTS `images` (
  `id` bigint UNSIGNED NOT NULL AUTO_INCREMENT,
  `image_data` blob NOT NULL,
  `created_at` timestamp NULL DEFAULT NULL,
  `updated_at` timestamp NULL DEFAULT NULL,
  PRIMARY KEY (`id`)
) ENGINE=MyISAM DEFAULT CHARSET=utf8mb4 COLLATE=utf8mb4_unicode_ci;

-- --------------------------------------------------------

--
-- Cấu trúc bảng cho bảng `migrations`
--

DROP TABLE IF EXISTS `migrations`;
CREATE TABLE IF NOT EXISTS `migrations` (
  `id` int UNSIGNED NOT NULL AUTO_INCREMENT,
  `migration` varchar(255) COLLATE utf8mb4_unicode_ci NOT NULL,
  `batch` int NOT NULL,
  PRIMARY KEY (`id`)
) ENGINE=MyISAM AUTO_INCREMENT=2 DEFAULT CHARSET=utf8mb4 COLLATE=utf8mb4_unicode_ci;

--
-- Đang đổ dữ liệu cho bảng `migrations`
--

INSERT INTO `migrations` (`id`, `migration`, `batch`) VALUES
(1, '2023_12_12_012629_create_images_table', 1);

-- --------------------------------------------------------

--
-- Cấu trúc bảng cho bảng `stories`
--

DROP TABLE IF EXISTS `stories`;
CREATE TABLE IF NOT EXISTS `stories` (
  `StoryID` int NOT NULL AUTO_INCREMENT,
  `Title` varchar(100) CHARACTER SET utf8mb4 COLLATE utf8mb4_0900_ai_ci NOT NULL DEFAULT '',
  `Content` text CHARACTER SET utf8mb4 COLLATE utf8mb4_0900_ai_ci,
  `CategoryID` int DEFAULT NULL,
  `AuthorID` int DEFAULT NULL,
  `StoriesCover` varchar(255) CHARACTER SET utf8mb4 COLLATE utf8mb4_0900_ai_ci DEFAULT NULL,
  `DifferentName` varchar(150) CHARACTER SET utf8mb4 COLLATE utf8mb4_0900_ai_ci DEFAULT NULL,
  `Status` varchar(100) DEFAULT NULL,
  `Views` int DEFAULT NULL,
  `Likes` int DEFAULT NULL,
  `Bookmark` int DEFAULT NULL,
  `UploadedBy` int DEFAULT NULL,
  `Created_at` timestamp NULL DEFAULT NULL ON UPDATE CURRENT_TIMESTAMP,
  `Updated_at` timestamp NULL DEFAULT NULL ON UPDATE CURRENT_TIMESTAMP,
  PRIMARY KEY (`StoryID`),
  KEY `CategoryID` (`CategoryID`) USING BTREE,
  KEY `AuthorID` (`AuthorID`) USING BTREE,
  KEY `UploadedBy` (`UploadedBy`) USING BTREE
) ENGINE=MyISAM AUTO_INCREMENT=47 DEFAULT CHARSET=utf8mb4 COLLATE=utf8mb4_0900_ai_ci;

--
-- Đang đổ dữ liệu cho bảng `stories`
--

INSERT INTO `stories` (`StoryID`, `Title`, `Content`, `CategoryID`, `AuthorID`, `StoriesCover`, `DifferentName`, `Status`, `Views`, `Likes`, `Bookmark`, `UploadedBy`, `Created_at`, `Updated_at`) VALUES
(46, 'The Breaker 3: Eternal Force', '<p>Sau hàng loạt sự kiện xảy ra ở Phần 1 và Phần 2, lúc này Yi Shioon đã trở thành một trong những nhân vật vai vế hàng đầu Murim, cậu đã kết mối thù với chính Sư phụ của mình là Han Chun-woo ( tức Goomoonryong), liệu cuộc phiêu lưu này sẽ đi đến hồi kết thế nào ? Chúng ta cùng đón xem nhé !!</p>', NULL, NULL, 'https://i.postimg.cc/6qKQTTqL/Eternal-Force.webp', 'Quyền Năng Vô Hạn', 'Đang tiến hành', NULL, NULL, NULL, NULL, '2023-12-23 01:50:48', '2023-12-23 01:50:48');

-- --------------------------------------------------------

--
-- Cấu trúc bảng cho bảng `storiesauthor`
--

DROP TABLE IF EXISTS `storiesauthor`;
CREATE TABLE IF NOT EXISTS `storiesauthor` (
  `StoryID` int NOT NULL,
  `AuthorID` int NOT NULL,
  PRIMARY KEY (`StoryID`,`AuthorID`)
) ENGINE=MyISAM DEFAULT CHARSET=utf8mb4 COLLATE=utf8mb4_0900_ai_ci;

--
-- Đang đổ dữ liệu cho bảng `storiesauthor`
--

INSERT INTO `storiesauthor` (`StoryID`, `AuthorID`) VALUES
(43, 113),
(46, 117);

-- --------------------------------------------------------

--
-- Cấu trúc bảng cho bảng `storiescategory`
--

DROP TABLE IF EXISTS `storiescategory`;
CREATE TABLE IF NOT EXISTS `storiescategory` (
  `StoryID` int NOT NULL,
  `CategoryID` int NOT NULL,
  PRIMARY KEY (`StoryID`,`CategoryID`),
  KEY `CategoryID` (`CategoryID`) USING BTREE
) ENGINE=MyISAM DEFAULT CHARSET=utf8mb4 COLLATE=utf8mb4_0900_ai_ci;

--
-- Đang đổ dữ liệu cho bảng `storiescategory`
--

INSERT INTO `storiescategory` (`StoryID`, `CategoryID`) VALUES
(43, 1),
(43, 3),
(43, 4),
(43, 7),
(43, 18),
(43, 23),
(43, 26),
(43, 31),
(43, 33),
(44, 3),
(44, 4),
(44, 6),
(46, 1),
(46, 3),
(46, 4),
(46, 20),
(46, 29);

-- --------------------------------------------------------

--
-- Cấu trúc bảng cho bảng `storiesimage`
--

DROP TABLE IF EXISTS `storiesimage`;
CREATE TABLE IF NOT EXISTS `storiesimage` (
  `ImageID` int NOT NULL AUTO_INCREMENT,
  `StoryID` int DEFAULT NULL,
  `ImageURL` varchar(255) NOT NULL,
  `ChapterID` int NOT NULL,
  PRIMARY KEY (`ImageID`,`ChapterID`) USING BTREE,
  KEY `StoryID` (`StoryID`) USING BTREE
) ENGINE=MyISAM AUTO_INCREMENT=41 DEFAULT CHARSET=utf8mb4 COLLATE=utf8mb4_0900_ai_ci;

--
-- Đang đổ dữ liệu cho bảng `storiesimage`
--

INSERT INTO `storiesimage` (`ImageID`, `StoryID`, `ImageURL`, `ChapterID`) VALUES
(15, 46, 'https://i.postimg.cc/SKb3B9vr/117-116.jpg\r', 26),
(16, 46, 'https://i.postimg.cc/Xq1tmDRG/159-158.jpg\r', 26),
(17, 46, 'https://i.postimg.cc/vB3KxNHq/160-159.jpg\r', 26),
(18, 46, 'https://i.postimg.cc/2SZg9G2y/161-160.jpg\r', 26),
(19, 46, 'https://i.postimg.cc/VLT3Fp92/162-161.jpg\r', 26),
(20, 46, 'https://i.postimg.cc/0NGFPQgq/163-162.jpg\r', 26),
(21, 46, 'https://i.postimg.cc/85135SDf/164-163.jpg\r', 26),
(22, 46, 'https://i.postimg.cc/zX3sK8hn/165-164.jpg', 26),
(23, 46, 'https://i.postimg.cc/qvZ47Vvy/117-116.jpg\r', 27),
(24, 46, 'https://i.postimg.cc/bwvq8Npq/118-117.jpg\r', 27),
(25, 46, 'https://i.postimg.cc/JhDmD6sg/119-118.jpg\r', 27),
(26, 46, 'https://i.postimg.cc/VNxwjqMN/120-119.jpg\r', 27),
(27, 46, 'https://i.postimg.cc/1tDQM8cr/121-120.jpg\r', 27),
(28, 46, 'https://i.postimg.cc/cCZNzdFy/122-121.jpg\r', 27),
(29, 46, 'https://i.postimg.cc/0jfqRh46/123-122.jpg\r', 27),
(30, 46, 'https://i.postimg.cc/W1KcvG57/124-123.jpg\r', 27),
(31, 46, 'https://i.postimg.cc/mZN4HFrb/125-124.jpg\r', 27),
(32, 46, 'https://i.postimg.cc/yY1HXYJ0/126-125.jpg\r', 27),
(33, 46, 'https://i.postimg.cc/nc3tdb7g/127-126.jpg\r', 27),
(34, 46, 'https://i.postimg.cc/SK3SgF0k/159-158.jpg\r', 27),
(35, 46, 'https://i.postimg.cc/G2DcN7rY/160-159.jpg\r', 27),
(36, 46, 'https://i.postimg.cc/8P4Tqr8y/161-160.jpg\r', 27),
(37, 46, 'https://i.postimg.cc/vTLG844Z/162-161.jpg\r', 27),
(38, 46, 'https://i.postimg.cc/rySVNPf2/163-162.jpg\r', 27),
(39, 46, 'https://i.postimg.cc/jdtsg41w/164-163.jpg\r', 27),
(40, 46, 'https://i.postimg.cc/ZnhTh8KQ/165-164.jpg', 27);

-- --------------------------------------------------------

--
-- Cấu trúc bảng cho bảng `storiesreaded`
--

DROP TABLE IF EXISTS `storiesreaded`;
CREATE TABLE IF NOT EXISTS `storiesreaded` (
  `ReadedID` int NOT NULL AUTO_INCREMENT,
  `UserID` int DEFAULT NULL,
  `StoryID` int DEFAULT NULL,
  `ReadDate` datetime DEFAULT NULL,
  PRIMARY KEY (`ReadedID`),
  KEY `UserID` (`UserID`) USING BTREE,
  KEY `StoryID` (`StoryID`) USING BTREE
) ENGINE=MyISAM DEFAULT CHARSET=utf8mb4 COLLATE=utf8mb4_0900_ai_ci;

-- --------------------------------------------------------

--
-- Cấu trúc bảng cho bảng `users`
--

DROP TABLE IF EXISTS `users`;
CREATE TABLE IF NOT EXISTS `users` (
  `id` int NOT NULL AUTO_INCREMENT,
  `username` varchar(20) CHARACTER SET utf8mb4 COLLATE utf8mb4_0900_ai_ci NOT NULL,
  `password` varchar(100) CHARACTER SET utf8mb4 COLLATE utf8mb4_0900_ai_ci NOT NULL,
  `email` varchar(50) CHARACTER SET utf8mb4 COLLATE utf8mb4_0900_ai_ci NOT NULL,
  `email_verified_at` timestamp NULL DEFAULT NULL,
  `usertype` varchar(20) CHARACTER SET utf8mb4 COLLATE utf8mb4_0900_ai_ci DEFAULT 'user',
  `remember_token` varchar(50) CHARACTER SET utf8mb4 COLLATE utf8mb4_0900_ai_ci DEFAULT NULL,
  `avatar` varchar(100) CHARACTER SET utf8mb4 COLLATE utf8mb4_0900_ai_ci DEFAULT NULL,
  `created_at` timestamp NULL DEFAULT NULL,
  `updated_at` timestamp NULL DEFAULT NULL,
  PRIMARY KEY (`id`) USING BTREE
) ENGINE=MyISAM AUTO_INCREMENT=4 DEFAULT CHARSET=utf8mb4 COLLATE=utf8mb4_0900_ai_ci;

--
-- Đang đổ dữ liệu cho bảng `users`
--

INSERT INTO `users` (`id`, `username`, `password`, `email`, `email_verified_at`, `usertype`, `remember_token`, `avatar`, `created_at`, `updated_at`) VALUES
(1, 'Administrator', '$2y$12$FyuuL/Wbfy.F1YdBtDRCj.qkYUfmSvlQ.CsKb2PIQYnAg1eIllsgu', 'admin@admin.com', NULL, 'admin', NULL, NULL, '2023-11-29 00:25:20', '2023-12-12 05:20:10'),
(2, 'nhatga', '$2y$12$bJP5fH4QEuAVjOcshMv4Fuug9rsoOFvxVrj3PZ9S1cAQwixQT57z.', 'nhatga@nhatga.com', NULL, 'ban', NULL, NULL, '2023-11-29 00:26:59', '2023-12-12 03:52:45'),
(3, 'MinhChoan', '$2y$12$30rViP/Y1p3OGp5meqZ6BONGBOomKFdWgJLVDNT2mYNGEgt9eVt4u', 'dominhnhat740@gmail.com', NULL, 'user', NULL, NULL, '2023-11-29 00:45:11', '2023-12-04 07:03:46');
COMMIT;

/*!40101 SET CHARACTER_SET_CLIENT=@OLD_CHARACTER_SET_CLIENT */;
/*!40101 SET CHARACTER_SET_RESULTS=@OLD_CHARACTER_SET_RESULTS */;
/*!40101 SET COLLATION_CONNECTION=@OLD_COLLATION_CONNECTION */;
